team_a_id,team_b_id,score_a,score_b
0,1,75,78
0,1,81,76
0,2,91,76
0,3,85,92
0,3,85,86
0,4,86,74
0,4,80,94
0,5,97,69
0,6,93,70
0,7,70,79
0,8,93,68
0,8,97,67
0,9,68,74
0,10,81,67
0,10,86,72
0,11,107,75
0,12,92,80
0,13,60,98
0,14,89,81
0,15,88,79
0,16,80,86
0,17,71,81
1,2,71,74
1,3,73,87
1,4,78,68
1,5,75,71
1,6,71,81
1,7,71,88
1,8,84,76
1,8,69,67
1,9,94,78
1,10,79,90
1,11,79,76
1,12,76,81
1,13,76,84
1,14,91,104
1,15,80,76
1,16,74,79
1,16,83,71
1,17,79,61
2,3,75,84
2,4,76,87
2,5,82,71
2,5,88,59
2,6,81,92
2,7,79,76
2,8,70,74
2,8,88,76
2,9,77,71
2,10,75,73
2,10,91,69
2,11,78,71
2,12,86,84
2,13,87,79
2,14,80,95
2,14,83,73
2,15,97,82
2,16,79,82
2,17,83,71
3,4,78,79
3,5,81,76
3,6,77,69
3,7,91,88
3,8,89,67
3,9,78,70
3,9,105,83
3,10,73,65
3,11,79,60
3,12,92,85
3,13,88,73
3,14,77,76
3,15,68,57
3,16,76,86
3,16,81,72
3,17,89,88
3,17,71,73
4,5,98,63
4,6,95,69
4,7,88,84
4,7,86,96
4,8,87,69
4,9,85,76
4,10,85,70
4,11,83,82
4,12,93,66
4,13,69,77
4,13,93,81
4,14,91,81
4,15,101,86
4,15,88,92
4,16,96,94
4,16,92,85
4,17,95,75
4,17,82,77
5,6,74,73
5,6,63,87
5,7,63,87
5,7,58,80
5,8,88,70
5,9,70,75
5,9,71,69
5,10,76,73
5,10,64,78
5,11,73,79
5,12,63,78
5,13,60,93
5,13,80,88
5,14,71,83
5,15,72,80
5,15,77,81
5,16,79,85
5,16,67,70
5,17,64,85
6,7,76,75
6,8,95,76
6,9,75,81
6,10,90,87
6,11,79,88
6,12,81,86
6,12,85,72
6,13,82,83
6,13,87,90
6,14,85,92
6,15,86,92
6,16,91,85
6,16,88,80
6,17,95,78
7,8,88,65
7,8,90,80
7,9,81,70
7,10,85,101
7,11,79,78
7,11,89,78
7,12,84,69
7,13,93,94
7,13,89,77
7,14,86,93
7,15,70,69
7,15,84,76
7,16,64,95
7,17,70,88
8,9,66,62
8,9,74,71
8,10,78,76
8,11,62,70
8,12,78,82
8,13,86,90
8,14,78,87
8,15,80,87
8,15,73,88
8,16,70,71
8,17,66,73
9,10,70,71
9,11,73,75
9,12,68,65
9,12,82,60
9,13,73,86
9,14,65,86
9,15,81,92
9,16,70,88
9,17,66,75
10,11,85,81
10,12,86,79
10,13,90,85
10,13,75,88
10,14,63,82
10,15,88,78
10,16,66,77
10,17,70,89
11,12,82,68
11,13,67,79
11,14,73,87
11,15,84,80
11,16,80,72
11,17,91,87
12,13,80,76
12,14,74,93
12,14,78,83
12,15,81,77
12,15,66,72
12,16,85,95
12,17,67,72
13,14,100,87
13,15,77,85
13,16,90,64
13,17,95,89
13,17,82,67
14,15,79,95
14,16,77,74
14,16,81,86
14,17,83,90
14,17,74,66
15,16,65,81
15,17,76,88
16,17,84,82
18,19,74,63
18,19,76,59
18,20,86,87
18,21,79,65
18,22,65,66
18,23,73,64
18,24,87,72
18,24,87,83
18,25,84,83
18,26,86,61
18,27,84,74
18,28,85,91
18,29,71,80
18,30,76,77
18,31,75,84
18,32,77,78
18,32,75,96
18,33,85,63
19,20,92,83
19,20,91,67
19,21,75,81
19,22,79,68
19,23,80,74
19,24,83,86
19,25,98,92
19,26,82,85
19,27,80,76
19,28,89,82
19,29,99,81
19,30,82,68
19,31,76,92
19,32,91,95
19,33,90,72
20,21,84,88
20,22,69,90
20,23,75,85
20,24,72,73
20,24,75,83
20,25,67,68
20,25,95,86
20,26,68,93
20,26,78,96
20,27,88,74
20,28,69,81
20,29,75,89
20,30,82,80
20,31,80,70
20,32,81,101
20,32,73,76
20,33,83,90
21,22,79,68
21,23,90,84
21,23,79,77
21,24,83,81
21,25,93,89
21,26,72,88
21,27,76,80
21,27,92,73
21,28,92,87
21,28,84,76
21,29,73,77
21,30,74,75
21,31,68,89
21,31,82,84
21,32,79,76
21,33,76,86
22,23,93,65
22,24,64,63
22,24,79,76
22,25,91,86
22,26,72,96
22,27,72,80
22,28,72,82
22,28,80,77
22,29,83,91
22,30,88,64
22,31,67,82
22,32,80,91
22,33,70,76
22,33,75,73
23,24,70,66
23,25,77,72
23,26,76,91
23,26,79,89
23,27,78,64
23,28,88,92
23,29,72,79
23,30,74,77
23,31,88,66
23,31,73,78
23,32,81,88
23,32,88,91
23,33,89,78
24,25,63,73
24,26,50,75
24,27,80,64
24,27,81,59
24,28,77,90
24,29,71,82
24,30,86,67
24,31,84,87
24,32,86,107
24,33,92,72
25,26,79,87
25,27,90,75
25,27,88,89
25,28,77,89
25,29,105,83
25,30,80,69
25,31,86,73
25,32,88,100
25,33,75,62
26,27,72,84
26,28,73,95
26,29,72,79
26,30,86,82
26,30,80,74
26,31,87,85
26,32,87,94
26,33,81,67
27,28,74,87
27,29,75,78
27,30,78,89
27,30,69,79
27,31,72,84
27,32,64,84
27,32,70,78
27,33,72,79
28,29,98,77
28,29,87,68
28,30,86,64
28,30,79,73
28,31,81,72
28,32,77,87
28,33,86,79
29,30,69,78
29,30,85,84
29,31,76,78
29,32,74,90
29,33,85,84
30,31,90,71
30,32,71,89
30,32,73,89
30,33,83,62
31,32,68,83
31,33,78,72
31,33,74,76
32,33,94,71
34,35,77,82
35,34,76,67
34,36,78,85
36,34,99,82
34,37,78,75
37,34,78,85
34,38,78,73
38,34,83,74
34,39,77,85
39,34,74,69
34,40,69,83
40,34,68,82
34,41,75,71
41,34,71,88
34,42,77,67
42,34,87,72
34,43,81,75
43,34,82,77
34,44,83,87
44,34,74,90
35,36,76,75
36,35,92,65
35,37,70,82
37,35,86,84
35,38,72,86
38,35,75,61
35,39,70,87
39,35,75,99
35,40,92,81
40,35,80,88
35,41,96,74
41,35,81,76
35,42,84,93
42,35,67,79
35,43,71,75
43,35,75,89
35,44,84,78
44,35,77,88
36,37,83,74
37,36,82,88
36,38,82,61
38,36,65,83
36,39,77,76
39,36,71,99
36,40,90,96
40,36,68,89
36,41,93,73
41,36,62,87
36,42,85,80
42,36,95,83
36,43,91,74
43,36,76,67
36,44,74,78
44,36,72,71
37,38,87,71
38,37,77,89
37,39,83,74
39,37,75,68
37,40,74,81
40,37,65,78
37,41,81,80
41,37,63,89
37,42,76,88
42,37,83,88
37,43,83,94
43,37,89,93
37,44,86,77
44,37,79,75
38,39,78,86
39,38,82,93
38,40,82,69
40,38,77,74
38,41,95,83
41,38,73,78
38,42,90,64
42,38,84,71
38,43,71,99
43,38,91,71
38,44,77,85
44,38,80,68
39,40,69,84
40,39,83,87
39,41,64,81
41,39,80,82
39,42,89,69
42,39,76,81
39,43,73,83
43,39,95,80
39,44,77,82
44,39,69,92
40,41,79,78
41,40,70,97
40,42,73,84
42,40,72,80
40,43,80,76
43,40,85,80
40,44,72,76
44,40,84,81
41,42,73,89
42,41,77,76
41,43,78,82
43,41,85,69
41,44,47,80
44,41,85,66
42,43,77,70
43,42,80,89
42,44,72,76
44,42,78,77
43,44,87,71
44,43,74,77
45,46,81,95
45,47,92,76
45,47,98,90
45,48,91,84
45,49,82,73
45,50,78,97
45,51,83,63
45,52,82,93
45,52,92,95
45,53,79,97
45,54,88,77
45,54,87,86
45,55,83,89
45,56,84,91
45,57,78,92
45,58,83,77
45,58,85,62
45,59,97,69
45,59,88,77
45,60,101,87
45,61,93,86
45,62,91,83
45,62,77,66
46,47,87,85
46,48,85,83
46,49,100,79
46,50,84,95
46,51,82,78
46,52,100,80
46,52,79,76
46,53,81,79
46,54,85,74
46,55,74,79
46,56,84,87
46,57,103,84
46,58,84,82
46,58,106,66
46,59,88,74
46,60,90,87
46,60,95,75
46,61,88,98
46,62,92,75
46,62,82,73
47,48,83,75
47,49,77,90
47,50,79,92
47,50,83,90
47,51,72,82
47,52,73,82
47,52,82,85
47,53,77,101
47,54,80,85
47,55,75,89
47,56,89,82
47,57,72,99
47,58,93,81
47,58,75,77
47,59,88,63
47,60,90,91
47,60,81,73
47,61,79,84
47,62,81,72
48,49,74,79
48,50,81,97
48,50,95,83
48,51,86,91
48,51,98,70
48,52,87,86
48,53,83,92
48,54,96,90
48,54,99,84
48,55,74,85
48,56,90,85
48,56,72,70
48,57,97,84
48,57,78,74
48,58,88,71
48,58,101,73
48,59,87,61
48,60,90,93
48,61,96,99
48,62,80,84
49,50,79,92
49,51,77,74
49,52,86,77
49,52,81,88
49,53,77,95
49,53,72,81
49,54,79,81
49,55,78,77
49,56,72,74
49,57,68,83
49,58,74,69
49,59,86,80
49,59,80,70
49,60,81,77
49,61,86,91
49,62,73,72
50,51,87,88
50,52,104,90
50,52,70,83
50,53,100,94
50,53,70,80
50,54,82,83
50,55,90,77
50,55,93,85
50,56,106,75
50,56,86,72
50,57,91,93
50,57,84,81
50,58,88,67
50,58,83,69
50,59,76,78
50,60,90,86
50,61,85,89
50,62,80,84
51,52,87,82
51,53,81,79
51,54,72,74
51,54,82,62
51,55,79,103
51,56,70,90
51,57,72,79
51,58,79,81
51,58,82,74
51,59,85,64
51,60,70,78
51,61,81,87
51,62,85,87
52,53,84,102
52,53,68,98
52,54,81,67
52,55,89,96
52,56,67,74
52,57,78,97
52,58,85,76
52,59,74,87
52,60,93,69
52,60,76,72
52,61,96,86
52,62,81,83
53,54,94,87
53,54,100,83
53,55,80,88
53,56,82,81
53,57,84,87
53,57,85,83
53,58,86,76
53,59,89,70
53,59,79,71
53,60,85,76
53,61,86,79
53,61,88,78
53,62,91,79
54,55,73,87
54,56,79,81
54,57,90,84
54,58,76,78
54,58,82,71
54,59,71,85
54,60,82,83
54,61,94,79
54,62,92,82
54,62,78,82
55,56,86,91
55,56,77,80
55,57,70,86
55,57,82,83
55,58,74,68
55,58,88,80
55,59,86,63
55,59,83,73
55,60,79,84
55,61,74,71
55,61,90,76
55,62,84,88
56,57,88,93
56,57,89,104
56,58,71,70
56,58,89,72
56,59,69,76
56,59,79,68
56,60,74,106
56,61,81,89
56,62,55,104
57,58,104,68
57,58,81,82
57,59,94,84
57,60,77,67
57,61,75,90
57,62,81,90
58,59,84,86
58,60,70,94
58,61,91,107
58,62,87,96
59,60,71,91
59,61,79,91
59,62,73,68
60,61,73,90
60,62,97,74
61,62,84,94
61,62,91,93
63,64,76,77
63,65,81,88
63,66,73,93
63,67,70,76
63,68,70,89
63,69,84,80
63,69,81,74
63,70,79,91
63,71,94,74
63,71,101,65
63,72,87,79
63,73,75,77
63,74,93,88
63,75,76,87
63,76,72,74
63,77,84,67
63,78,82,80
64,65,73,82
64,66,72,80
64,67,87,78
64,68,76,92
64,69,72,80
64,69,78,74
64,70,85,75
64,71,93,83
64,72,80,82
64,73,76,77
64,74,83,80
64,75,74,67
64,75,81,73
64,76,78,68
64,76,78,67
64,77,93,74
64,77,80,75
64,78,85,88
65,66,86,80
65,66,83,81
65,67,79,87
65,68,81,83
65,69,84,75
65,70,93,82
65,71,87,64
65,72,85,97
65,73,73,79
65,73,88,71
65,74,72,74
65,74,84,87
65,75,85,80
65,76,77,97
65,76,78,82
65,77,78,66
65,78,71,74
65,78,72,85
66,67,88,73
66,68,80,83
66,68,76,81
66,69,84,79
66,70,83,91
66,71,81,64
66,71,83,63
66,72,93,85
66,73,106,65
66,74,78,80
66,75,91,76
66,75,75,73
66,76,78,73
66,76,74,71
66,77,85,76
66,77,82,73
66,78,92,70
67,68,70,82
67,69,78,75
67,70,82,85
67,71,76,71
67,72,67,93
67,73,78,71
67,74,83,82
67,75,80,78
67,75,60,81
67,76,83,74
67,77,78,76
67,78,65,77
68,69,88,77
68,70,90,75
68,70,87,95
68,71,74,82
68,72,82,96
68,72,87,96
68,73,72,91
68,74,76,89
68,75,67,88
68,76,73,79
68,77,83,78
68,77,63,77
68,78,82,79
69,70,60,84
69,71,69,87
69,71,85,74
69,72,80,87
69,72,63,97
69,73,81,80
69,73,85,63
69,74,66,100
69,74,76,73
69,75,89,79
69,76,77,85
69,77,62,74
69,78,75,87
69,78,86,79
70,71,90,81
70,72,79,106
70,73,78,74
70,74,89,80
70,74,98,89
70,75,90,79
70,75,73,85
70,76,91,72
70,77,75,80
70,78,87,95
71,72,90,95
71,73,72,74
71,74,73,82
71,75,67,66
71,76,79,78
71,77,75,85
71,77,81,74
71,78,80,77
72,73,90,76
72,74,90,80
72,75,77,72
72,76,85,76
72,77,93,79
72,78,81,79
72,78,91,90
73,74,80,88
73,75,56,86
73,76,69,90
73,76,70,68
73,77,72,62
73,77,70,73
73,78,83,87
74,75,77,82
74,76,73,71
74,77,84,74
74,77,93,84
74,78,85,68
75,76,77,72
75,77,81,89
75,78,61,75
76,77,88,73
76,78,77,85
76,78,88,81
77,78,81,88
79,80,78,75
80,79,72,66
79,81,71,80
81,79,71,77
79,82,78,71
82,79,75,87
79,83,74,82
83,79,70,73
79,84,83,82
84,79,89,73
79,85,96,94
85,79,69,76
79,86,82,68
86,79,66,72
79,87,58,90
87,79,90,86
79,88,72,88
88,79,87,70
79,89,76,78
89,79,65,80
79,90,73,78
90,79,80,90
79,91,67,65
91,79,73,91
80,81,69,73
81,80,53,94
80,82,65,73
82,80,85,82
80,83,75,72
83,80,74,53
80,84,90,74
84,80,72,77
80,85,79,69
85,80,58,78
80,86,80,67
86,80,58,67
80,87,75,83
87,80,73,88
80,88,67,86
88,80,71,79
80,89,58,85
89,80,77,70
80,90,94,79
90,80,75,63
80,91,74,72
91,80,69,77
81,82,90,88
82,81,84,56
81,83,68,79
83,81,61,68
81,84,68,79
84,81,72,84
81,85,72,71
85,81,76,78
81,86,74,76
86,81,71,63
81,87,65,73
87,81,86,52
81,88,66,88
88,81,96,82
81,89,73,84
89,81,90,67
81,90,69,84
90,81,72,64
81,91,68,66
91,81,65,58
82,83,83,78
83,82,70,83
82,84,79,61
84,82,66,78
82,85,77,61
85,82,80,92
82,86,99,68
86,82,55,84
82,87,90,78
87,82,98,83
82,88,65,69
88,82,68,86
82,89,83,70
89,82,75,82
82,90,75,68
90,82,76,66
82,91,78,62
91,82,75,86
83,84,74,70
84,83,64,73
83,85,77,70
85,83,74,78
83,86,71,70
86,83,67,81
83,87,79,82
87,83,92,71
83,88,85,68
88,83,77,66
83,89,88,86
89,83,83,85
83,90,85,69
90,83,92,73
83,91,74,68
91,83,55,80
84,85,63,57
85,84,70,83
84,86,86,61
86,84,66,79
84,87,86,88
87,84,76,79
84,88,93,92
88,84,84,83
84,89,57,76
89,84,71,72
84,90,71,76
90,84,76,70
84,91,64,60
91,84,73,71
85,86,80,73
86,85,68,80
85,87,75,78
87,85,69,57
85,88,67,80
88,85,80,54
85,89,63,71
89,85,84,68
85,90,57,81
90,85,78,57
85,91,70,73
91,85,88,67
86,87,57,83
87,86,88,65
86,88,64,78
88,86,71,53
86,89,76,82
89,86,79,67
86,90,55,79
90,86,72,65
86,91,76,75
91,86,78,80
87,88,89,77
88,87,82,83
87,89,72,66
89,87,79,85
87,90,78,65
90,87,73,81
87,91,75,71
91,87,58,78
88,89,59,84
89,88,78,85
88,90,86,72
90,88,85,95
88,91,81,65
91,88,65,70
89,90,82,84
90,89,77,74
89,91,83,82
91,89,56,79
90,91,87,77
91,90,77,79
92,93,82,77
92,94,71,79
92,95,77,75
92,96,78,70
92,97,63,86
92,98,73,78
92,99,67,97
92,99,81,79
92,100,82,78
92,101,81,79
92,101,77,83
92,102,85,86
92,103,72,79
92,104,77,81
92,105,73,63
92,106,71,62
93,94,77,82
93,95,69,80
93,95,71,68
93,96,73,65
93,96,78,70
93,97,66,85
93,97,97,78
93,98,63,68
93,99,66,78
93,100,75,78
93,100,84,88
93,101,83,68
93,101,77,72
93,102,71,80
93,103,62,64
93,104,77,82
93,105,76,75
93,106,80,78
94,95,71,73
94,96,83,71
94,96,79,81
94,97,73,82
94,98,88,83
94,98,73,80
94,99,74,75
94,100,74,76
94,101,79,78
94,101,74,68
94,102,85,80
94,103,79,69
94,104,85,92
94,105,87,66
94,106,79,84
95,96,82,71
95,97,77,80
95,98,82,75
95,99,81,96
95,100,93,67
95,101,102,80
95,102,70,75
95,103,83,64
95,103,75,79
95,104,82,79
95,105,76,70
95,106,74,87
96,97,75,79
96,98,78,63
96,99,77,72
96,100,65,64
96,100,81,71
96,101,84,75
96,102,85,72
96,103,76,72
96,104,74,79
96,105,68,58
96,105,68,82
96,106,72,79
97,98,91,84
97,98,85,79
97,99,87,84
97,100,62,66
97,100,79,70
97,101,77,80
97,101,74,78
97,102,65,75
97,103,66,71
97,104,72,83
97,105,72,52
97,106,86,91
97,106,76,79
98,99,82,77
98,99,83,81
98,100,82,80
98,101,87,74
98,102,87,72
98,103,79,74
98,103,93,77
98,104,83,73
98,105,69,68
98,106,67,77
99,100,70,73
99,101,84,68
99,102,79,83
99,103,82,71
99,104,89,78
99,104,73,79
99,105,84,86
99,105,97,90
99,106,70,72
100,101,79,85
100,102,80,75
100,103,86,74
100,103,94,78
100,104,78,61
100,105,88,91
100,106,64,75
101,102,90,63
101,103,85,75
101,104,70,64
101,105,80,79
101,105,71,70
101,106,83,78
101,106,68,82
102,103,71,72
102,104,77,68
102,104,88,89
102,105,67,55
102,106,68,81
103,104,72,81
103,105,65,81
103,106,74,76
104,105,77,81
104,106,84,92
105,106,66,80
105,106,71,59
107,108,72,66
108,107,80,64
107,109,77,83
109,107,87,72
107,110,63,94
110,107,71,68
107,111,85,70
111,107,68,78
107,112,63,77
112,107,79,70
107,113,76,69
113,107,60,74
107,114,70,83
114,107,60,74
107,115,75,84
115,107,74,79
107,116,68,65
116,107,66,77
107,117,70,73
117,107,84,76
108,109,77,78
109,108,78,63
108,110,59,71
110,108,71,67
108,111,73,65
111,108,59,74
108,112,77,71
112,108,81,77
108,113,78,72
113,108,78,80
108,114,59,82
114,108,69,80
108,115,56,66
115,108,56,73
108,116,75,77
116,108,74,64
108,117,84,68
117,108,76,67
109,110,72,65
110,109,85,83
109,111,79,67
111,109,60,77
109,112,70,76
112,109,78,75
109,113,80,79
113,109,81,93
109,114,66,63
114,109,63,76
109,115,65,66
115,109,77,83
109,116,90,79
116,109,81,73
109,117,74,85
117,109,85,62
110,111,67,60
111,110,61,88
110,112,91,78
112,110,78,92
110,113,80,79
113,110,78,80
110,114,88,78
114,110,73,75
110,115,79,56
115,110,73,78
110,116,79,63
116,110,76,78
110,117,77,81
117,110,71,65
111,112,73,57
112,111,80,86
111,113,71,83
113,111,89,76
111,114,87,66
114,111,70,73
111,115,56,70
115,111,70,79
111,116,77,80
116,111,79,69
111,117,70,85
117,111,87,62
112,113,78,74
113,112,77,84
112,114,73,66
114,112,66,70
112,115,80,68
115,112,65,81
112,116,76,78
116,112,91,90
112,117,66,77
117,112,74,80
113,114,74,70
114,113,65,75
113,115,62,73
115,113,64,61
113,116,76,81
116,113,81,74
113,117,85,65
117,113,84,57
114,115,72,71
115,114,64,62
114,116,64,79
116,114,72,68
114,117,62,86
117,114,92,70
115,116,74,70
116,115,69,74
115,117,75,93
117,115,77,73
116,117,70,90
117,116,72,69
118,119,85,57
119,118,61,87
118,120,73,79
120,118,78,80
118,121,81,72
121,118,76,90
118,122,77,75
122,118,80,81
118,123,92,77
123,118,79,81
118,124,76,85
124,118,76,68
118,125,71,72
125,118,67,82
118,126,70,77
126,118,63,76
118,127,79,83
127,118,82,78
119,120,53,91
120,119,84,69
119,121,74,88
121,119,81,53
119,122,73,86
122,119,76,81
119,123,65,62
123,119,68,60
119,124,53,78
124,119,68,69
119,125,49,75
125,119,69,65
119,126,75,78
126,119,81,68
119,127,73,75
127,119,81,67
120,121,90,72
121,120,83,89
120,122,80,84
122,120,75,79
120,123,79,63
123,120,74,84
120,124,85,82
124,120,86,87
120,125,77,78
125,120,72,86
120,126,83,77
126,120,72,94
120,127,85,83
127,120,75,93
121,122,77,71
122,121,76,72
121,123,62,56
123,121,86,84
121,124,78,81
124,121,72,87
121,125,80,64
125,121,87,73
121,126,67,72
126,121,75,87
121,127,68,79
127,121,78,79
122,123,83,63
123,122,68,90
122,124,75,82
124,122,75,87
122,125,74,65
125,122,82,71
122,126,73,76
126,122,65,78
122,127,86,63
127,122,79,89
123,124,77,61
124,123,91,61
123,125,76,72
125,123,77,76
123,126,69,71
126,123,71,74
123,127,74,78
127,123,83,81
124,125,80,64
125,124,74,86
124,126,72,79
126,124,79,80
124,127,79,72
127,124,72,73
125,126,75,84
126,125,91,76
125,127,73,90
127,125,79,73
126,127,74,66
127,126,96,82
128,129,71,88
129,128,100,81
128,130,84,71
130,128,84,69
128,131,82,57
131,128,71,85
128,132,69,83
132,128,78,64
128,133,76,67
133,128,73,74
128,134,63,65
134,128,67,88
128,135,72,70
135,128,84,54
128,136,75,81
136,128,79,80
128,137,61,89
137,128,89,78
128,138,73,68
138,128,63,72
128,139,74,76
139,128,73,70
129,130,83,76
130,129,88,80
129,131,88,60
131,129,81,77
129,132,82,77
132,129,76,79
129,133,88,74
133,129,78,77
129,134,93,59
134,129,57,94
129,135,64,97
135,129,83,84
129,136,84,71
136,129,81,98
129,137,92,74
137,129,89,72
129,138,81,71
138,129,80,72
129,139,90,65
139,129,55,90
130,131,75,54
131,130,77,65
130,132,75,73
132,130,76,87
130,133,83,64
133,130,74,79
130,134,90,75
134,130,62,69
130,135,83,90
135,130,79,73
130,136,82,80
136,130,56,76
130,137,85,68
137,130,87,68
130,138,80,65
138,130,59,80
130,139,77,82
139,130,76,65
131,132,72,91
132,131,90,84
131,133,86,71
133,131,79,90
131,134,81,67
134,131,60,58
131,135,75,84
135,131,83,65
131,136,64,82
136,131,77,74
131,137,57,95
137,131,90,79
131,138,54,79
138,131,60,74
131,139,80,78
139,131,75,85
132,133,84,70
133,132,72,83
132,134,90,63
134,132,78,83
132,135,79,76
135,132,80,85
132,136,81,83
136,132,65,71
132,137,75,88
137,132,78,84
132,138,88,76
138,132,66,72
132,139,81,56
139,132,68,77
133,134,80,73
134,133,69,82
133,135,99,69
135,133,103,69
133,136,65,70
136,133,83,78
133,137,71,76
137,133,74,81
133,138,87,69
138,133,65,74
133,139,59,68
139,133,72,74
134,135,68,94
135,134,87,75
134,136,76,80
136,134,89,61
134,137,72,62
137,134,77,89
134,138,62,63
138,134,71,80
134,139,78,65
139,134,83,72
135,136,93,90
136,135,70,72
135,137,89,81
137,135,79,87
135,138,84,83
138,135,47,95
135,139,87,67
139,135,61,94
136,137,68,81
137,136,89,64
136,138,80,74
138,136,75,74
136,139,82,78
139,136,67,94
137,138,71,66
138,137,81,78
137,139,73,66
139,137,82,87
138,139,64,55
139,138,81,74
140,141,70,65
141,140,55,62
140,142,75,70
142,140,87,80
140,143,68,70
143,140,88,70
140,144,94,73
144,140,61,57
140,145,67,89
145,140,75,53
140,146,69,67
146,140,80,77
140,147,72,73
147,140,88,81
140,148,68,74
148,140,78,93
140,149,75,65
149,140,70,69
140,150,74,65
150,140,72,61
140,151,81,76
151,140,56,80
141,142,67,85
142,141,82,81
141,143,77,69
143,141,61,73
141,144,62,74
144,141,60,78
141,145,76,67
145,141,69,75
141,146,79,72
146,141,65,73
141,147,70,66
147,141,59,72
141,148,65,68
148,141,53,79
141,149,67,68
149,141,79,84
141,150,76,65
150,141,72,73
141,151,74,71
151,141,82,77
142,143,77,70
143,142,66,67
142,144,87,73
144,142,58,77
142,145,78,75
145,142,72,86
142,146,74,62
146,142,73,67
142,147,87,64
147,142,71,77
142,148,80,69
148,142,70,66
142,149,78,70
149,142,55,76
142,150,87,58
150,142,65,67
142,151,58,56
151,142,63,83
143,144,74,65
144,143,71,81
143,145,81,77
145,143,98,80
143,146,81,66
146,143,63,68
143,147,67,75
147,143,76,72
143,148,82,76
148,143,82,89
143,149,77,59
149,143,66,78
143,150,71,75
150,143,69,91
143,151,72,75
151,143,83,87
144,145,64,81
145,144,67,72
144,146,68,41
146,144,78,74
144,147,59,70
147,144,87,65
144,148,76,65
148,144,71,73
144,149,67,63
149,144,70,69
144,150,68,64
150,144,78,73
144,151,75,77
151,144,71,78
145,146,84,65
146,145,57,69
145,147,75,67
147,145,67,89
145,148,92,66
148,145,63,66
145,149,81,53
149,145,73,68
145,150,74,85
150,145,70,73
145,151,82,80
151,145,76,83
146,147,77,70
147,146,71,73
146,148,87,71
148,146,67,74
146,149,78,52
149,146,70,71
146,150,59,77
150,146,77,73
146,151,70,77
151,146,69,72
147,148,75,65
148,147,77,81
147,149,59,66
149,147,62,53
147,150,62,76
150,147,75,66
147,151,79,77
151,147,74,52
148,149,71,65
149,148,76,79
148,150,72,78
150,148,64,72
148,151,69,67
151,148,66,64
149,150,76,85
150,149,65,69
149,151,68,64
151,149,73,60
150,151,73,69
151,150,62,82
152,153,79,84
153,152,68,74
152,154,74,62
154,152,62,76
152,155,80,67
155,152,78,73
152,156,72,68
156,152,74,53
152,157,77,72
157,152,73,71
152,158,84,81
158,152,70,62
152,159,73,79
159,152,72,61
152,160,66,60
160,152,66,79
152,161,70,67
161,152,77,71
152,162,70,80
162,152,81,65
152,163,66,76
163,152,61,68
152,164,64,62
164,152,83,62
152,165,67,80
165,152,76,73
153,154,66,81
154,153,69,72
153,155,75,88
155,153,76,80
153,156,72,66
156,153,75,67
153,157,73,82
157,153,64,82
153,158,60,76
158,153,80,68
153,159,69,80
159,153,81,54
153,160,64,71
160,153,75,74
153,161,74,89
161,153,65,67
153,162,85,65
162,153,73,69
153,163,70,85
163,153,78,64
153,164,78,79
164,153,72,69
153,165,68,76
165,153,78,64
154,155,75,86
155,154,76,71
154,156,66,69
156,154,68,73
154,157,66,61
157,154,55,65
154,158,77,69
158,154,59,49
154,159,61,63
159,154,80,60
154,160,75,76
160,154,59,70
154,161,79,74
161,154,64,67
154,162,68,71
162,154,76,78
154,163,73,72
163,154,77,67
154,164,65,77
164,154,72,69
154,165,67,86
165,154,78,65
155,156,77,66
156,155,80,68
155,157,83,82
157,155,63,80
155,158,69,90
158,155,67,84
155,159,63,73
159,155,82,70
155,160,78,57
160,155,68,70
155,161,70,78
161,155,61,84
155,162,73,82
162,155,65,73
155,163,85,81
163,155,72,68
155,164,87,63
164,155,60,73
155,165,76,67
165,155,84,86
156,157,72,77
157,156,65,67
156,158,62,74
158,156,60,69
156,159,81,93
159,156,81,68
156,160,69,61
160,156,63,52
156,161,53,81
161,156,69,62
156,162,83,74
162,156,78,69
156,163,54,81
163,156,71,74
156,164,70,75
164,156,75,71
156,165,67,80
165,156,74,75
157,158,72,87
158,157,77,69
157,159,74,85
159,157,78,74
157,160,65,75
160,157,70,65
157,161,71,90
161,157,69,62
157,162,68,63
162,157,73,70
157,163,60,76
163,157,66,69
157,164,69,90
164,157,71,88
157,165,64,72
165,157,65,62
158,159,74,88
159,158,90,82
158,160,83,87
160,158,51,94
158,161,78,66
161,158,60,85
158,162,77,70
162,158,55,81
158,163,72,94
163,158,92,77
158,164,66,74
164,158,77,70
158,165,70,86
165,158,69,72
159,160,93,71
160,159,61,78
159,161,78,77
161,159,81,89
159,162,79,78
162,159,54,68
159,163,76,84
163,159,70,86
159,164,80,64
164,159,73,103
159,165,75,84
165,159,76,79
160,161,64,65
161,160,85,68
160,162,78,63
162,160,56,77
160,163,64,61
163,160,61,65
160,164,66,70
164,160,87,71
160,165,62,67
165,160,69,79
161,162,79,64
162,161,76,88
161,163,75,73
163,161,56,80
161,164,70,74
164,161,79,77
161,165,82,73
165,161,86,82
162,163,66,86
163,162,75,80
162,164,66,77
164,162,83,63
162,165,71,83
165,162,81,62
163,164,81,66
164,163,63,74
163,165,68,69
165,163,74,64
164,165,76,78
165,164,82,75
166,167,65,73
167,166,62,68
166,168,74,84
168,166,85,69
166,169,63,71
169,166,64,66
166,170,80,66
170,166,73,68
166,171,77,70
171,166,79,69
166,172,66,70
172,166,69,80
166,173,74,81
173,166,83,78
166,174,69,76
174,166,77,73
166,175,68,69
175,166,68,47
167,168,76,74
168,167,72,79
167,169,75,71
169,167,71,77
167,170,82,53
170,167,74,71
167,171,57,76
171,167,80,64
167,172,71,77
172,167,88,81
167,173,72,87
173,167,82,77
167,174,94,73
174,167,64,88
167,175,72,56
175,167,83,82
168,169,83,76
169,168,69,75
168,170,75,71
170,168,75,66
168,171,67,68
171,168,82,62
168,172,67,72
172,168,70,75
168,173,70,82
173,168,78,63
168,174,83,78
174,168,73,71
168,175,86,70
175,168,57,65
169,170,76,68
170,169,63,72
169,171,62,74
171,169,75,77
169,172,77,79
172,169,70,68
169,173,68,78
173,169,76,68
169,174,78,83
174,169,71,69
169,175,82,68
175,169,67,69
170,171,72,88
171,170,71,70
170,172,58,96
172,170,75,66
170,173,75,87
173,170,75,72
170,174,77,68
174,170,73,76
170,175,69,73
175,170,82,58
171,172,55,78
172,171,70,64
171,173,68,86
173,171,71,75
171,174,79,63
174,171,70,79
171,175,74,69
175,171,77,74
172,173,74,83
173,172,74,82
172,174,84,72
174,172,81,77
172,175,77,75
175,172,69,83
173,174,88,71
174,173,78,89
173,175,84,73
175,173,72,81
174,175,67,56
175,174,67,81
176,177,66,82
177,176,76,77
176,178,59,74
178,176,71,67
176,179,73,63
179,176,70,72
176,180,78,82
180,176,71,68
176,181,63,83
181,176,90,67
176,182,61,60
182,176,67,79
176,183,75,82
183,176,70,78
176,184,63,81
184,176,69,74
176,185,77,61
185,176,76,71
176,186,67,87
186,176,86,85
176,187,65,70
187,176,80,72
176,188,63,75
188,176,83,62
177,178,83,92
178,177,70,80
177,179,81,74
179,177,62,83
177,180,83,67
180,177,84,86
177,181,76,86
181,177,77,81
177,182,71,68
182,177,60,81
177,183,73,77
183,177,69,81
177,184,73,83
184,177,96,86
177,185,76,84
185,177,72,78
177,186,78,85
186,177,85,84
177,187,73,68
187,177,68,74
177,188,78,66
188,177,82,74
178,179,73,63
179,178,73,67
178,180,71,70
180,178,73,70
178,181,60,99
181,178,91,71
178,182,76,67
182,178,55,56
178,183,92,65
183,178,71,89
178,184,77,86
184,178,72,70
178,185,61,78
185,178,73,79
178,186,80,73
186,178,87,73
178,187,62,76
187,178,75,78
178,188,80,75
188,178,79,66
179,180,63,67
180,179,74,75
179,181,66,65
181,179,76,59
179,182,58,63
182,179,73,68
179,183,92,67
183,179,58,61
179,184,74,77
184,179,76,70
179,185,68,75
185,179,69,72
179,186,56,98
186,179,76,60
179,187,72,82
187,179,78,80
179,188,64,79
188,179,86,82
180,181,68,82
181,180,76,81
180,182,66,71
182,180,76,73
180,183,80,66
183,180,75,73
180,184,61,88
184,180,68,83
180,185,77,91
185,180,70,87
180,186,70,76
186,180,74,69
180,187,77,84
187,180,66,74
180,188,81,80
188,180,85,62
181,182,77,76
182,181,60,73
181,183,76,70
183,181,79,84
181,184,84,77
184,181,88,65
181,185,66,85
185,181,80,70
181,186,82,90
186,181,72,80
181,187,72,60
187,181,81,85
181,188,93,84
188,181,89,91
182,183,57,68
183,182,82,74
182,184,82,71
184,182,70,75
182,185,74,80
185,182,75,59
182,186,69,72
186,182,83,72
182,187,70,72
187,182,64,59
182,188,60,82
188,182,76,71
183,184,76,83
184,183,80,65
183,185,66,67
185,183,72,71
183,186,63,70
186,183,72,73
183,187,70,76
187,183,77,61
183,188,71,84
188,183,80,65
184,185,80,74
185,184,74,89
184,186,86,91
186,184,87,74
184,187,79,71
187,184,64,74
184,188,74,69
188,184,89,88
185,186,65,83
186,185,87,77
185,187,77,79
187,185,78,80
185,188,82,79
188,185,84,86
186,187,84,87
187,186,75,66
186,188,82,84
188,186,76,81
187,188,66,90
188,187,83,75
189,190,53,66
190,189,77,75
189,191,82,75
191,189,80,71
189,192,73,89
192,189,75,82
189,193,87,79
193,189,63,78
189,194,46,73
194,189,69,57
189,195,81,60
195,189,65,75
189,196,67,79
196,189,55,84
189,197,74,71
197,189,87,69
189,198,72,71
198,189,78,66
189,199,58,77
199,189,65,71
189,200,72,75
200,189,75,67
190,191,71,84
191,190,75,73
190,192,76,85
192,190,80,78
190,193,67,70
193,190,71,48
190,194,56,78
194,190,77,76
190,195,72,64
195,190,68,63
190,196,76,58
196,190,72,84
190,197,67,81
197,190,93,76
190,198,86,70
198,190,69,66
190,199,78,71
199,190,86,82
190,200,75,78
200,190,73,67
191,192,75,80
192,191,64,66
191,193,80,72
193,191,86,80
191,194,70,84
194,191,72,80
191,195,75,72
195,191,54,79
191,196,73,83
196,191,88,86
191,197,70,78
197,191,67,78
191,198,73,57
198,191,77,61
191,199,82,78
199,191,86,64
191,200,84,70
200,191,82,85
192,193,77,83
193,192,67,79
192,194,76,70
194,192,78,85
192,195,81,69
195,192,74,79
192,196,77,60
196,192,86,69
192,197,85,74
197,192,64,78
192,198,71,65
198,192,87,82
192,199,69,84
199,192,80,85
192,200,76,93
200,192,73,68
193,194,62,74
194,193,69,63
193,195,87,59
195,193,65,77
193,196,80,59
196,193,64,67
193,197,58,65
197,193,80,78
193,198,64,65
198,193,73,78
193,199,85,84
199,193,68,83
193,200,77,75
200,193,89,65
194,195,77,73
195,194,63,64
194,196,56,67
196,194,59,66
194,197,72,58
197,194,79,69
194,198,60,64
198,194,73,67
194,199,76,90
199,194,77,72
194,200,77,83
200,194,86,81
195,196,59,74
196,195,68,74
195,197,66,82
197,195,84,71
195,198,62,71
198,195,66,64
195,199,69,91
199,195,80,60
195,200,81,74
200,195,60,72
196,197,77,85
197,196,80,70
196,198,72,73
198,196,76,71
196,199,57,79
199,196,84,71
196,200,81,73
200,196,77,67
197,198,80,83
198,197,63,83
197,199,83,75
199,197,63,78
197,200,70,71
200,197,72,69
198,199,68,83
199,198,72,77
198,200,54,61
200,198,85,60
199,200,94,75
200,199,63,86
201,202,67,78
202,201,86,72
201,203,80,69
203,201,73,76
201,204,61,56
204,201,59,67
201,205,79,74
205,201,80,65
201,206,57,63
206,201,88,65
201,207,64,76
207,201,68,71
201,208,51,75
208,201,88,58
201,209,77,61
209,201,74,60
201,210,69,72
210,201,57,66
201,211,72,64
211,201,81,77
202,203,74,84
203,202,57,73
202,204,83,76
204,202,78,86
202,205,78,79
205,202,96,93
202,206,89,67
206,202,76,84
202,207,61,82
207,202,82,81
202,208,65,63
208,202,76,84
202,209,89,60
209,202,75,66
202,210,73,61
210,202,64,65
202,211,68,78
211,202,55,71
203,204,76,64
204,203,72,76
203,205,84,81
205,203,86,68
203,206,79,81
206,203,88,57
203,207,73,80
207,203,90,77
203,208,86,48
208,203,63,80
203,209,67,61
209,203,63,72
203,210,75,76
210,203,59,71
203,211,85,89
211,203,68,69
204,205,68,87
205,204,82,59
204,206,77,78
206,204,64,70
204,207,67,97
207,204,71,65
204,208,72,73
208,204,69,70
204,209,71,70
209,204,71,55
204,210,76,66
210,204,66,53
204,211,72,55
211,204,70,63
205,206,81,59
206,205,76,75
205,207,67,86
207,205,73,75
205,208,71,69
208,205,66,67
205,209,84,69
209,205,71,72
205,210,67,80
210,205,70,72
205,211,80,67
211,205,64,65
206,207,67,84
207,206,85,72
206,208,77,62
208,206,62,69
206,209,78,70
209,206,77,60
206,210,59,84
210,206,66,71
206,211,83,73
211,206,51,79
207,208,88,73
208,207,62,88
207,209,88,84
209,207,74,84
207,210,75,72
210,207,64,78
207,211,80,56
211,207,82,80
208,209,73,79
209,208,78,58
208,210,62,61
210,208,76,71
208,211,67,62
211,208,79,66
209,210,73,63
210,209,60,70
209,211,86,70
211,209,69,77
210,211,62,81
211,210,76,60
212,213,61,81
213,212,63,80
212,214,73,60
214,212,84,77
212,215,57,76
215,212,72,60
212,216,74,88
216,212,88,82
212,217,74,71
217,212,76,74
212,218,76,70
218,212,67,68
212,219,76,78
219,212,78,70
212,220,83,77
220,212,79,74
212,221,87,64
221,212,67,81
213,214,80,77
214,213,63,91
213,215,85,79
215,213,67,74
213,216,73,74
216,213,81,76
213,217,78,67
217,213,78,82
213,218,69,64
218,213,66,69
213,219,62,85
219,213,70,76
213,220,74,87
220,213,75,65
213,221,86,75
221,213,82,74
214,215,71,88
215,214,72,56
214,216,63,71
216,214,91,90
214,217,68,72
217,214,69,68
214,218,72,70
218,214,64,69
214,219,65,67
219,214,70,75
214,220,73,75
220,214,86,70
214,221,77,68
221,214,84,81
215,216,85,88
216,215,71,93
215,217,70,72
217,215,66,64
215,218,70,63
218,215,70,78
215,219,87,70
219,215,66,90
215,220,89,77
220,215,66,71
215,221,75,71
221,215,79,80
216,217,79,75
217,216,62,86
216,218,89,71
218,216,80,74
216,219,77,84
219,216,72,76
216,220,70,79
220,216,62,85
216,221,87,60
221,216,65,91
217,218,79,65
218,217,66,75
217,219,83,79
219,217,78,70
217,220,84,83
220,217,70,68
217,221,86,55
221,217,61,76
218,219,66,64
219,218,45,65
218,220,77,71
220,218,70,73
218,221,78,63
221,218,67,55
219,220,73,78
220,219,78,71
219,221,68,71
221,219,82,67
220,221,83,67
221,220,67,82
222,223,63,68
223,222,61,64
222,224,71,76
224,222,82,51
222,225,62,79
225,222,70,65
222,226,59,66
226,222,88,56
222,227,73,70
227,222,88,52
222,228,75,66
228,222,76,64
222,229,58,75
229,222,79,69
222,230,63,69
230,222,86,65
222,231,67,85
231,222,83,59
223,224,66,72
224,223,73,59
223,225,58,72
225,223,59,78
223,226,59,70
226,223,83,65
223,227,60,75
227,223,73,64
223,228,74,67
228,223,80,69
223,229,71,80
229,223,73,67
223,230,56,60
230,223,99,60
223,231,72,82
231,223,64,66
224,225,81,80
225,224,72,64
224,226,70,59
226,224,74,68
224,227,85,69
227,224,78,76
224,228,83,76
228,224,90,76
224,229,62,78
229,224,83,73
224,230,72,80
230,224,67,77
224,231,72,71
231,224,75,76
225,226,69,84
226,225,68,63
225,227,55,75
227,225,83,77
225,228,66,71
228,225,81,61
225,229,73,77
229,225,68,74
225,230,72,81
230,225,83,71
225,231,75,70
231,225,64,68
226,227,76,72
227,226,70,72
226,228,69,75
228,226,80,77
226,229,84,69
229,226,74,89
226,230,72,77
230,226,73,66
226,231,70,82
231,226,69,67
227,228,72,84
228,227,72,75
227,229,66,63
229,227,74,68
227,230,64,87
230,227,76,62
227,231,67,72
231,227,74,82
228,229,78,76
229,228,68,66
228,230,77,85
230,228,93,85
228,231,69,71
231,228,63,76
229,230,69,76
230,229,83,80
229,231,70,60
231,229,77,58
230,231,70,73
231,230,68,86
232,233,80,72
233,232,56,75
232,234,87,63
234,232,71,79
232,235,79,71
235,232,75,72
232,236,79,66
236,232,70,65
232,237,63,68
237,232,77,76
232,238,63,69
238,232,61,80
232,239,74,64
239,232,53,69
233,234,85,70
234,233,59,66
233,235,65,67
235,233,77,61
233,236,67,72
236,233,69,77
233,237,63,82
237,233,77,64
233,238,78,82
238,233,92,74
233,239,73,64
239,233,73,75
234,235,53,57
235,234,65,85
234,236,73,64
236,234,79,81
234,237,61,93
237,234,70,67
234,238,61,81
238,234,69,75
234,239,80,65
239,234,77,55
235,236,63,59
236,235,58,56
235,237,72,81
237,235,65,69
235,238,67,72
238,235,73,84
235,239,78,57
239,235,51,78
236,237,63,72
237,236,61,68
236,238,54,74
238,236,75,77
236,239,73,62
239,236,63,75
237,238,82,60
238,237,67,66
237,239,76,70
239,237,52,74
238,239,60,71
239,238,73,80
240,241,81,72
241,240,69,80
240,242,93,72
242,240,75,76
240,243,78,68
243,240,85,73
240,244,77,71
244,240,74,67
240,245,84,63
245,240,81,79
240,246,78,50
246,240,70,71
240,247,71,73
247,240,66,75
240,248,75,73
248,240,83,80
240,249,90,85
249,240,75,77
240,250,78,76
250,240,65,82
241,242,69,88
242,241,66,62
241,243,68,58
243,241,50,73
241,244,75,92
244,241,71,75
241,245,68,84
245,241,80,70
241,246,76,68
246,241,61,75
241,247,75,80
247,241,82,64
241,248,67,69
248,241,78,67
241,249,64,75
249,241,73,89
241,250,76,57
250,241,85,55
242,243,75,71
243,242,73,57
242,244,68,73
244,242,55,61
242,245,70,82
245,242,83,71
242,246,66,72
246,242,56,77
242,247,59,80
247,242,66,83
242,248,67,70
248,242,66,75
242,249,61,74
249,242,79,64
242,250,63,67
250,242,61,65
243,244,74,59
244,243,72,75
243,245,76,77
245,243,59,67
243,246,78,65
246,243,57,88
243,247,84,61
247,243,71,79
243,248,87,56
248,243,79,71
243,249,76,73
249,243,88,90
243,250,72,63
250,243,91,78
244,245,63,86
245,244,76,69
244,246,80,53
246,244,75,73
244,247,75,74
247,244,59,66
244,248,75,78
248,244,73,59
244,249,70,69
249,244,69,76
244,250,74,58
250,244,69,76
245,246,79,66
246,245,67,68
245,247,92,73
247,245,65,63
245,248,63,68
248,245,82,73
245,249,75,67
249,245,87,95
245,250,55,67
250,245,74,81
246,247,63,68
247,246,77,79
246,248,53,68
248,246,77,59
246,249,63,86
249,246,77,63
246,250,71,60
250,246,72,71
247,248,82,79
248,247,75,71
247,249,70,85
249,247,85,76
247,250,72,64
250,247,60,68
248,249,80,76
249,248,85,72
248,250,60,65
250,248,77,75
249,250,76,70
250,249,66,80
251,252,67,70
252,251,67,58
251,253,83,66
253,251,74,76
251,254,71,69
254,251,74,67
251,255,64,72
255,251,65,63
251,256,70,68
256,251,59,57
251,257,75,51
257,251,62,66
251,258,81,65
258,251,65,60
251,259,78,70
259,251,74,64
251,260,61,85
260,251,57,78
252,253,68,60
253,252,71,78
252,254,71,74
254,252,66,60
252,255,69,72
255,252,83,60
252,256,81,68
256,252,74,69
252,257,60,79
257,252,65,73
252,258,65,71
258,252,74,80
252,259,67,82
259,252,72,83
252,260,65,69
260,252,80,74
253,254,83,76
254,253,59,77
253,255,71,74
255,253,66,79
253,256,75,68
256,253,67,59
253,257,66,78
257,253,57,58
253,258,61,57
258,253,67,84
253,259,83,73
259,253,73,72
253,260,71,89
260,253,69,61
254,255,63,78
255,254,78,69
254,256,74,78
256,254,71,67
254,257,69,68
257,254,71,72
254,258,70,59
258,254,68,74
254,259,77,80
259,254,68,67
254,260,83,75
260,254,59,85
255,256,71,77
256,255,68,77
255,257,89,47
257,255,59,70
255,258,75,64
258,255,74,81
255,259,72,85
259,255,79,69
255,260,73,67
260,255,74,73
256,257,76,57
257,256,62,66
256,258,67,74
258,256,55,73
256,259,77,83
259,256,65,80
256,260,70,73
260,256,75,60
257,258,72,73
258,257,63,57
257,259,81,71
259,257,72,49
257,260,60,77
260,257,68,63
258,259,70,74
259,258,72,81
258,260,86,72
260,258,81,58
259,260,66,64
260,259,85,76
261,262,77,86
262,261,76,62
261,263,74,75
263,261,74,84
261,264,80,71
264,261,69,78
261,265,67,86
265,261,79,83
261,266,66,85
266,261,72,70
261,267,73,63
267,261,71,80
261,268,77,78
268,261,61,70
261,269,79,58
269,261,62,75
262,263,61,57
263,262,86,54
262,264,75,70
264,262,67,65
262,265,66,78
265,262,73,56
262,266,81,86
266,262,79,73
262,267,72,75
267,262,69,83
262,268,70,72
268,262,65,75
262,269,92,65
269,262,56,82
263,264,66,61
264,263,81,70
263,265,71,79
265,263,77,66
263,266,77,69
266,263,76,73
263,267,77,63
267,263,72,70
263,268,60,79
268,263,73,60
263,269,60,86
269,263,74,70
264,265,78,72
265,264,63,61
264,266,77,71
266,264,89,81
264,267,78,67
267,264,75,68
264,268,70,75
268,264,76,80
264,269,63,77
269,264,82,66
265,266,76,87
266,265,83,74
265,267,86,68
267,265,74,82
265,268,52,63
268,265,67,72
265,269,70,46
269,265,59,62
266,267,86,78
267,266,68,86
266,268,88,58
268,266,71,74
266,269,81,71
269,266,72,83
267,268,90,72
268,267,71,65
267,269,71,67
269,267,73,72
268,269,61,69
269,268,73,62
270,271,70,69
271,270,71,78
270,272,78,62
272,270,65,71
270,273,65,88
273,270,65,61
270,274,73,63
274,270,62,76
270,275,81,73
275,270,83,71
270,276,69,76
276,270,64,63
270,277,57,65
277,270,68,78
270,278,71,70
278,270,73,72
271,272,68,65
272,271,68,75
271,273,80,79
273,271,67,62
271,274,73,59
274,271,84,64
271,275,70,79
275,271,81,59
271,276,73,71
276,271,74,59
271,277,72,76
277,271,74,64
271,278,69,56
278,271,63,62
272,273,60,77
273,272,64,77
272,274,74,69
274,272,77,71
272,275,64,71
275,272,79,59
272,276,76,70
276,272,76,70
272,277,64,79
277,272,65,73
272,278,65,64
278,272,72,65
273,274,72,68
274,273,63,80
273,275,77,58
275,273,67,69
273,276,65,66
276,273,77,76
273,277,59,57
277,273,70,74
273,278,69,63
278,273,73,67
274,275,76,77
275,274,80,69
274,276,74,77
276,274,63,61
274,277,67,69
277,274,82,69
274,278,67,71
278,274,67,68
275,276,76,71
276,275,62,72
275,277,73,69
277,275,53,77
275,278,68,74
278,275,68,81
276,277,85,73
277,276,64,73
276,278,65,93
278,276,59,72
277,278,81,63
278,277,74,66
279,280,69,84
280,279,85,86
279,281,73,66
281,279,76,68
279,282,63,59
282,279,77,56
279,283,78,63
283,279,78,71
279,284,69,77
284,279,74,72
279,285,60,59
285,279,63,74
279,286,76,62
286,279,72,71
280,281,74,84
281,280,86,54
280,282,61,63
282,280,66,68
280,283,60,64
283,280,60,83
280,284,66,76
284,280,77,56
280,285,60,83
285,280,72,81
280,286,77,57
286,280,75,73
281,282,77,84
282,281,64,76
281,283,68,62
283,281,67,63
281,284,69,74
284,281,87,71
281,285,66,58
285,281,75,77
281,286,82,62
286,281,55,79
282,283,75,69
283,282,69,77
282,284,64,58
284,282,73,70
282,285,68,72
285,282,72,73
282,286,66,68
286,282,57,73
283,284,60,79
284,283,69,60
283,285,63,80
285,283,66,64
283,286,55,69
286,283,74,65
284,285,81,69
285,284,73,81
284,286,74,77
286,284,63,75
285,286,77,69
286,285,70,74
287,288,77,58
288,287,65,78
287,289,65,95
289,287,76,60
287,290,64,72
290,287,74,58
287,291,63,75
291,287,78,81
287,292,67,68
292,287,59,67
287,293,62,66
293,287,70,65
287,294,67,71
294,287,75,84
287,295,68,75
295,287,67,69
287,296,70,78
296,287,83,73
287,297,74,67
297,287,86,65
288,289,57,79
289,288,90,73
288,290,42,58
290,288,73,56
288,291,65,79
291,288,81,67
288,292,63,62
292,288,68,40
288,293,64,74
293,288,64,65
288,294,57,78
294,288,79,55
288,295,74,61
295,288,71,61
288,296,63,59
296,288,78,55
288,297,69,82
297,288,76,79
289,290,80,71
290,289,74,75
289,291,83,78
291,289,67,71
289,292,98,58
292,289,74,77
289,293,86,58
293,289,41,93
289,294,79,68
294,289,59,79
289,295,71,67
295,289,53,84
289,296,80,65
296,289,80,76
289,297,74,66
297,289,86,95
290,291,60,66
291,290,72,75
290,292,72,69
292,290,72,65
290,293,68,65
293,290,56,81
290,294,73,69
294,290,78,59
290,295,48,73
295,290,55,61
290,296,67,71
296,290,68,67
290,297,69,84
297,290,66,79
291,292,68,64
292,291,74,73
291,293,74,71
293,291,60,84
291,294,72,61
294,291,56,69
291,295,75,77
295,291,67,72
291,296,83,76
296,291,64,67
291,297,62,86
297,291,70,76
292,293,65,66
293,292,75,67
292,294,63,69
294,292,60,76
292,295,81,75
295,292,81,68
292,296,71,60
296,292,69,76
292,297,66,74
297,292,64,68
293,294,61,81
294,293,62,70
293,295,78,75
295,293,80,58
293,296,66,73
296,293,78,54
293,297,62,78
297,293,74,73
294,295,75,81
295,294,61,66
294,296,64,63
296,294,53,59
294,297,78,88
297,294,72,63
295,296,64,62
296,295,84,67
295,297,69,70
297,295,78,75
296,297,78,68
297,296,74,75
298,299,74,71
299,298,55,76
298,300,61,81
300,298,74,69
298,301,67,72
301,298,71,58
298,302,63,65
302,298,70,66
298,303,71,90
303,298,80,72
298,304,63,65
304,298,63,66
298,305,73,79
305,298,68,69
298,306,53,84
306,298,61,67
299,300,72,77
300,299,78,74
299,301,67,76
301,299,70,59
299,302,53,75
302,299,66,73
299,303,76,74
303,299,70,80
299,304,62,69
304,299,67,62
299,305,79,77
305,299,65,79
299,306,62,86
306,299,76,62
300,301,72,69
301,300,62,82
300,302,67,62
302,300,56,74
300,303,55,69
303,300,79,61
300,304,76,75
304,300,77,69
300,305,65,66
305,300,87,75
300,306,73,77
306,300,88,83
301,302,64,70
302,301,82,75
301,303,75,72
303,301,82,73
301,304,87,61
304,301,67,78
301,305,73,69
305,301,74,79
301,306,75,72
306,301,76,79
302,303,63,81
303,302,73,59
302,304,72,78
304,302,67,64
302,305,67,64
305,302,59,65
302,306,69,76
306,302,78,67
303,304,83,70
304,303,82,79
303,305,63,65
305,303,65,88
303,306,90,70
306,303,69,77
304,305,74,86
305,304,64,70
304,306,82,65
306,304,77,61
305,306,60,62
306,305,70,71
307,308,77,80
308,307,87,75
307,309,69,88
309,307,67,77
307,310,76,68
310,307,69,82
307,311,74,78
311,307,63,69
307,312,66,61
312,307,76,67
307,313,94,63
313,307,73,71
307,314,67,83
314,307,78,81
307,315,71,60
315,307,70,59
307,316,73,76
316,307,89,67
307,317,69,59
317,307,94,78
307,318,84,65
318,307,66,72
308,309,54,67
309,308,73,75
308,310,82,74
310,308,67,66
308,311,68,84
311,308,71,72
308,312,86,74
312,308,73,64
308,313,80,63
313,308,71,63
308,314,87,76
314,308,68,66
308,315,69,80
315,308,63,79
308,316,80,72
316,308,75,81
308,317,78,74
317,308,67,70
308,318,73,52
318,308,72,64
309,310,75,72
310,309,69,59
309,311,78,70
311,309,69,76
309,312,67,77
312,309,68,81
309,313,67,66
313,309,89,82
309,314,78,83
314,309,78,59
309,315,79,72
315,309,76,81
309,316,58,67
316,309,73,90
309,317,69,81
317,309,83,78
309,318,71,69
318,309,82,66
310,311,65,69
311,310,66,70
310,312,69,55
312,310,75,73
310,313,59,77
313,310,73,71
310,314,76,66
314,310,66,69
310,315,74,78
315,310,83,65
310,316,79,73
316,310,67,74
310,317,63,80
317,310,60,69
310,318,85,72
318,310,86,65
311,312,70,62
312,311,72,64
311,313,69,67
313,311,86,71
311,314,58,61
314,311,76,51
311,315,70,64
315,311,60,63
311,316,75,70
316,311,82,69
311,317,57,79
317,311,74,62
311,318,78,68
318,311,76,69
312,313,73,69
313,312,70,62
312,314,83,72
314,312,69,79
312,315,75,80
315,312,78,75
312,316,64,61
316,312,68,66
312,317,67,73
317,312,75,68
312,318,62,79
318,312,62,66
313,314,70,75
314,313,70,76
313,315,78,91
315,313,76,88
313,316,80,81
316,313,79,81
313,317,76,73
317,313,84,75
313,318,80,61
318,313,81,76
314,315,83,84
315,314,79,77
314,316,65,58
316,314,65,82
314,317,65,69
317,314,81,75
314,318,66,69
318,314,66,79
315,316,82,65
316,315,62,66
315,317,83,77
317,315,74,71
315,318,70,75
318,315,48,83
316,317,71,69
317,316,73,72
316,318,66,61
318,316,72,60
317,318,80,66
318,317,59,67
319,320,77,83
320,319,60,53
319,321,94,68
321,319,48,58
319,322,60,65
322,319,71,67
319,323,80,63
323,319,64,62
319,324,62,68
324,319,72,79
319,325,75,70
325,319,80,48
320,321,73,81
321,320,86,70
320,322,53,81
322,320,71,74
320,323,69,72
323,320,67,79
320,324,74,83
324,320,71,87
320,325,90,72
325,320,74,89
321,322,69,63
322,321,62,65
321,323,72,76
323,321,65,79
321,324,81,75
324,321,72,71
321,325,78,81
325,321,78,81
322,323,75,61
323,322,69,74
322,324,85,57
324,322,73,75
322,325,82,78
325,322,66,72
323,324,70,72
324,323,67,70
323,325,87,63
325,323,64,67
324,325,71,73
325,324,73,61
326,327,54,72
327,326,55,67
326,328,59,81
328,326,76,65
326,329,63,54
329,326,75,60
326,330,70,67
330,326,65,70
326,331,55,76
331,326,60,61
326,332,68,65
332,326,75,65
326,333,53,71
333,326,78,59
327,328,58,81
328,327,75,68
327,329,84,66
329,327,70,60
327,330,66,88
330,327,69,76
327,331,72,76
331,327,65,69
327,332,79,83
332,327,65,80
327,333,74,76
333,327,72,73
328,329,62,67
329,328,76,81
328,330,88,76
330,328,67,70
328,331,56,70
331,328,65,76
328,332,80,62
332,328,61,74
328,333,54,78
333,328,69,54
329,330,83,84
330,329,69,71
329,331,75,74
331,329,59,52
329,332,76,53
332,329,66,75
329,333,74,79
333,329,60,74
330,331,71,67
331,330,63,57
330,332,77,66
332,330,62,64
330,333,76,82
333,330,78,63
331,332,81,62
332,331,65,81
331,333,73,68
333,331,76,78
332,333,61,73
333,332,68,66
334,335,61,71
335,334,60,62
334,336,65,70
336,334,51,64
334,337,63,67
337,334,65,53
334,338,60,61
338,334,59,72
334,339,79,62
339,334,75,50
334,340,59,63
340,334,63,56
334,341,57,64
341,334,69,84
334,342,74,60
342,334,61,68
334,343,64,77
343,334,78,81
334,344,62,60
344,334,68,54
334,345,67,60
345,334,63,67
335,336,71,75
336,335,75,78
335,337,73,76
337,335,63,79
335,338,59,76
338,335,64,86
335,339,65,79
339,335,63,81
335,340,69,68
340,335,74,84
335,341,84,62
341,335,60,83
335,342,86,70
342,335,70,73
335,343,74,59
343,335,63,65
335,344,75,70
344,335,56,81
335,345,72,73
345,335,62,79
336,337,56,68
337,336,85,63
336,338,62,55
338,336,51,62
336,339,70,68
339,336,79,65
336,340,65,63
340,336,59,71
336,341,73,54
341,336,74,66
336,342,58,56
342,336,82,64
336,343,45,64
343,336,77,68
336,344,50,76
344,336,75,51
336,345,50,74
345,336,65,70
337,338,87,78
338,337,58,66
337,339,64,69
339,337,61,73
337,340,67,83
340,337,63,69
337,341,82,65
341,337,78,65
337,342,68,60
342,337,67,69
337,343,71,60
343,337,65,70
337,344,68,70
344,337,64,67
337,345,64,66
345,337,78,66
338,339,72,70
339,338,71,57
338,340,72,59
340,338,79,69
338,341,54,72
341,338,67,63
338,342,61,59
342,338,73,61
338,343,68,79
343,338,59,66
338,344,71,65
344,338,57,67
338,345,53,64
345,338,66,47
339,340,63,72
340,339,72,67
339,341,62,65
341,339,71,82
339,342,79,80
342,339,57,67
339,343,62,68
343,339,75,60
339,344,70,66
344,339,79,66
339,345,71,64
345,339,61,81
340,341,66,64
341,340,62,82
340,342,77,50
342,340,61,78
340,343,65,70
343,340,62,82
340,344,89,66
344,340,73,81
340,345,64,69
345,340,72,79
341,342,66,69
342,341,67,60
341,343,73,74
343,341,78,72
341,344,63,65
344,341,55,53
341,345,65,69
345,341,71,72
342,343,76,64
343,342,68,61
342,344,71,48
344,342,56,64
342,345,72,79
345,342,73,72
343,344,73,75
344,343,73,76
343,345,64,62
345,343,54,62
344,345,50,56
345,344,67,55
242,81,76,46
46,315,93,80
0,8,96,85
217,167,67,89
123,144,74,60
181,156,76,70
309,85,88,66
73,287,66,71
128,286,85,59
91,252,82,56
177,109,66,68
195,84,68,83
99,93,70,90
129,3,79,82
140,204,86,73
129,14,95,84
241,324,68,69
331,53,68,90
78,91,87,68
214,61,77,92
31,310,58,64
99,8,72,85
162,86,79,63
187,338,68,57
341,33,68,90
75,42,78,82
311,252,60,73
1,169,74,78
290,44,58,78
59,94,74,73
302,10,67,66
111,236,81,73
126,48,76,73
158,229,75,80
289,163,82,68
102,208,78,75
296,302,67,61
323,87,87,85
197,170,79,82
177,147,83,82
257,218,73,75
132,68,86,79
337,243,75,84
190,275,69,73
53,4,92,93
172,51,79,89
83,152,76,63
315,296,77,62
124,105,67,68
205,334,83,54
259,240,76,57
205,128,56,73
305,268,79,89
71,97,76,77
46,22,92,67
84,132,76,88
157,199,72,74
284,191,80,75
51,97,76,83
241,237,68,56
49,47,79,75
167,218,68,62
177,235,80,72
311,171,63,79
0,204,98,62
70,12,86,84
217,231,60,86
17,127,81,87
264,238,76,63
51,208,82,63
163,257,72,68
216,155,65,85
59,231,62,75
171,187,77,75
217,270,74,67
3,129,79,78
314,232,63,77
20,184,76,81
306,129,61,88
12,64,72,90
228,69,67,72
18,72,81,89
48,37,80,75
140,155,71,73
268,80,74,81
75,327,81,63
262,40,66,87
154,58,75,88
334,40,65,72
59,293,78,69
263,307,70,87
191,89,75,67
95,211,86,72
92,140,81,73
212,140,70,84
325,170,74,84
113,108,73,64
235,223,65,62
285,238,66,83
77,232,68,72
87,131,72,76
292,324,49,70
42,69,76,80
161,315,87,80
85,290,48,78
11,146,70,65
120,68,92,86
63,27,82,75
148,137,72,57
205,181,73,70
306,260,66,64
324,162,59,70
115,254,71,65
230,344,80,72
272,237,62,59
50,99,82,81
316,260,51,52
306,284,80,74
127,191,77,75
189,263,56,65
82,61,86,103
102,207,77,81
295,143,71,69
236,180,72,60
81,102,71,75
208,241,72,69
275,336,55,47
12,268,75,61
203,20,63,90
261,225,69,72
74,297,87,68
86,247,72,77
247,102,66,86
234,252,69,54
175,303,65,85
132,200,88,75
267,181,75,70
149,162,61,68
225,79,68,70
75,197,76,81
108,153,69,70
260,265,63,79
87,330,91,83
160,219,74,66
86,247,76,87
7,34,78,87
114,123,69,67
235,22,81,64
268,103,67,77
320,207,65,80
273,276,87,56
28,156,83,72
93,334,79,58
233,338,66,72
97,32,83,88
155,91,79,87
244,241,74,70
324,301,70,79
101,235,75,81
291,304,76,67
226,99,61,73
233,128,66,64
252,168,57,73
330,272,72,76
287,299,79,78
93,217,82,65
253,86,69,57
48,227,80,81
93,104,75,78
271,333,66,83
292,165,78,88
87,313,78,65
264,335,66,69
137,186,65,82
155,111,76,75
161,288,64,58
2,207,90,82
330,233,72,66
103,200,73,83
164,259,69,81
102,317,60,72
54,44,76,88
303,328,92,66
199,250,78,94
300,105,78,76
275,205,77,76
37,300,81,55
77,172,79,80
125,178,75,70
271,11,75,90
160,185,75,70
109,145,78,85
101,133,72,91
11,129,64,87
24,31,87,73
8,11,90,74
167,252,75,74
34,290,92,72
57,73,87,72
239,97,62,68
220,239,65,67
77,37,81,91
232,303,79,73
150,282,74,72
132,300,80,64
234,102,69,66
181,296,86,81
105,41,84,75
20,277,80,67
161,337,79,75
217,119,77,68
181,297,84,69
192,291,77,61
194,212,68,74
194,113,76,78
296,62,72,88
250,183,70,64
97,27,82,66
130,138,86,72
215,282,87,75
158,223,88,61
117,43,69,72
241,210,70,51
23,64,79,82
265,300,70,71
305,339,70,76
80,54,95,72
342,196,69,68
104,191,70,85
318,341,72,66
240,141,79,71
193,269,77,71
178,47,73,81
243,278,81,63
68,327,90,66
131,247,82,69
49,118,79,85
66,74,84,88
48,145,90,74
115,203,60,92
342,264,71,69
296,17,70,64
323,161,74,76
324,230,73,83
292,312,64,78
295,344,77,76
143,264,84,70
95,256,89,60
233,343,76,58
134,178,70,78
278,160,86,66
61,25,90,88
231,106,97,71
93,152,82,81
8,232,69,80
77,158,63,74
185,141,73,75
84,317,78,90
77,185,72,78
25,206,79,90
215,240,74,89
153,101,70,62
106,314,75,69
210,214,74,57
124,43,70,77
99,104,97,89
141,195,81,75
344,272,70,74
167,103,67,74
321,178,75,70
232,254,86,58
20,66,85,90
299,296,63,59
149,130,77,86
306,123,82,64
221,121,73,76
128,169,61,80
182,112,66,68
302,225,80,79
249,322,65,69
341,342,77,78
329,294,88,80
122,202,71,80
20,136,86,68
267,277,73,56
221,13,69,94
322,50,70,97
14,130,80,86
180,127,70,95
166,198,69,84
107,240,72,64
88,45,77,95
116,93,83,82
327,330,64,72
195,339,59,67
224,81,79,67
57,45,95,78
286,274,59,65
38,23,73,62
339,236,71,74
181,315,66,89
150,42,68,86
20,40,75,70
253,263,74,69
115,158,74,82
10,248,83,64
282,98,59,87
297,262,74,62
186,134,74,75
120,45,95,91
164,126,74,68
49,260,78,60
53,310,91,76
330,114,61,76
27,128,64,74
87,128,79,72
177,218,87,76
33,142,59,65
14,252,77,70
68,111,76,61
345,239,54,57
208,249,77,74
3,28,83,74
61,36,78,80
82,128,93,71
91,15,66,75
61,10,96,72
198,195,69,62
175,224,63,81
129,47,80,85
179,325,74,78
48,5,88,70
285,256,72,71
270,225,69,70
290,134,73,71
317,158,75,76
79,169,84,80
90,267,76,66
19,62,82,75
149,173,63,82
51,78,86,91
172,338,71,62
229,343,68,65
187,343,75,63
206,87,90,72
337,302,77,74
339,269,55,64
267,170,67,75
101,246,65,71
42,64,88,87
312,253,83,67
28,10,83,80
300,292,60,68
24,9,86,72
180,26,76,74
222,269,70,61
22,51,72,81
113,37,73,72
292,7,76,86
59,2,85,74
169,200,76,68
205,116,64,67
132,217,78,59
320,293,71,59
5,131,61,81
97,250,81,71
202,241,66,75
114,117,85,90
250,247,61,89
131,204,70,76
291,141,61,82
103,285,78,67
265,240,69,78
19,95,92,83
34,209,72,83
226,96,67,68
96,163,77,75
78,64,89,78
102,28,71,86
149,196,69,75
336,12,62,75
125,148,71,67
162,298,79,69
8,87,75,74
119,5,55,67
290,201,69,65
279,302,77,64
144,199,59,82
251,176,82,73
245,78,61,88
114,154,81,68
131,189,70,62
153,159,59,89
116,64,76,80
213,305,67,75
186,202,69,84
105,227,75,77
337,186,76,80
191,109,67,83
277,153,82,64
319,168,71,83
80,265,60,80
12,198,72,68
288,329,53,79
101,166,56,74
66,250,79,84
313,47,65,68
43,13,81,91
182,145,80,75
161,304,64,71
148,308,54,66
77,37,66,79
81,318,67,64
127,340,99,63
49,70,85,75
244,81,51,56
185,300,71,67
343,264,84,73
35,99,78,85
76,188,83,67
324,157,55,86
253,314,47,59
186,98,57,77
12,308,81,83
156,289,64,83
336,183,60,73
319,277,77,69
240,71,74,70
192,256,53,67
217,249,76,80
133,142,77,76
230,43,81,69
260,11,76,65
54,48,77,89
121,38,78,83
36,87,108,76
323,341,77,67
71,248,81,70
46,197,89,77
40,97,68,77
101,254,74,69
31,144,85,71
101,310,52,66
63,38,86,92
116,189,76,65
211,196,72,75
176,272,91,70
128,134,77,74
176,30,62,71
40,229,91,73
45,60,82,70
33,243,80,67
245,212,78,64
97,50,86,90
238,166,82,64
206,314,72,73
197,7,85,72
195,324,71,75
222,339,68,64
94,4,73,90
172,337,74,73
281,153,62,74
221,155,58,80
180,34,84,78
311,171,59,73
110,3,87,81
173,317,81,74
66,51,82,66
65,62,91,85
213,220,68,62
160,244,71,62
295,99,89,67
323,177,70,68
127,135,86,79
48,37,84,79
251,212,78,74
98,142,77,67
30,28,74,77
317,117,76,58
248,310,77,68
330,288,67,60
31,100,70,74
127,217,76,55
152,154,71,75
40,184,81,77
320,151,61,63
55,234,84,77
232,143,72,79
26,283,82,60
192,199,71,80
91,47,68,75
291,98,72,67
254,107,75,76
83,121,83,82
211,80,60,77
268,277,66,57
45,230,95,86
133,15,69,73
26,116,82,72
119,70,62,83
324,9,59,76
12,213,73,74
301,193,75,74
41,114,58,72
203,12,84,70
144,256,67,70
103,132,71,90
133,203,77,74
308,344,66,65
94,112,83,61
105,182,73,62
345,325,70,68
27,118,57,74
129,6,79,88
92,106,63,76
167,186,72,78
251,222,74,53
127,31,92,69
317,8,89,69
155,232,75,71
27,199,77,84
190,213,67,69
17,155,83,86
104,193,81,61
15,244,85,72
120,173,76,79
138,323,83,78
110,206,80,76
211,21,67,79
32,144,89,58
103,12,66,57
96,304,86,45
22,223,67,59
118,24,79,81
188,140,72,71
190,277,79,78
177,181,71,82
177,75,84,64
253,208,62,73
308,138,69,78
238,314,73,69
21,38,71,72
81,294,79,78
105,203,80,77
57,279,92,63
2,171,79,68
116,172,67,77
191,136,60,75
112,249,64,82
54,209,66,78
96,259,79,64
36,157,90,73
107,115,78,68
8,39,79,94
36,59,95,72
183,5,69,67
155,188,89,74
303,168,87,72
179,315,53,81
275,216,69,67
179,252,75,67
249,44,64,82
42,150,77,53
232,252,74,90
17,167,81,60
110,48,81,86
345,259,59,76
237,269,73,59
24,20,75,70
231,155,87,81
218,114,70,72
246,81,57,77
334,192,67,79
174,299,81,63
227,59,74,79
309,291,59,74
220,169,85,68
278,228,79,76
216,92,75,95
183,243,86,66
70,46,86,92
100,183,72,74
34,337,86,75
286,168,69,76
200,31,74,79
268,300,62,70
70,71,92,64
96,245,72,78
198,248,57,70
74,262,96,82
244,101,66,71
211,185,84,69
208,221,73,72
202,200,75,67
230,115,76,67
314,260,81,65
325,280,64,68
38,7,69,87
74,20,80,83
237,174,66,85
167,241,69,71
301,310,65,63
70,27,75,52
272,256,80,75
138,305,65,71
165,290,86,87
98,266,76,75
306,169,76,56
71,152,81,82
277,229,70,65
88,77,81,73
324,93,79,66
191,159,70,62
235,128,72,77
63,282,83,70
96,131,84,67
281,197,65,76
136,138,71,65
55,38,82,81
62,13,84,88
55,24,85,80
216,75,83,78
319,145,63,81
316,136,78,75
121,166,65,63
87,197,84,86
82,69,80,72
126,113,78,85
88,144,90,75
157,298,73,58
118,11,72,82
76,197,87,65
11,70,80,94
223,269,65,70
259,226,67,72
193,270,78,76
148,195,62,61
12,289,76,90
231,11,68,84
195,266,62,65
45,57,86,92
133,48,78,96
264,323,74,75
195,205,81,83
47,284,85,75
130,96,83,82
95,110,80,79
47,294,75,53
90,166,91,63
120,202,90,87
34,138,84,66
63,284,84,60
78,47,82,81
87,263,85,60
29,47,82,81
67,185,82,65
142,308,81,76
21,106,84,81
270,202,57,73
268,255,71,66
207,269,86,66
255,86,82,79
59,212,71,75
12,70,75,77
326,230,70,68
71,155,72,81
116,130,64,79
238,210,61,71
26,18,98,70
151,205,62,75
334,39,54,78
262,77,88,72
245,228,84,91
84,104,82,92
138,344,79,75
171,236,71,72
188,154,66,60
249,238,89,73
289,124,84,73
338,325,65,78
100,140,75,78
22,39,80,90
213,77,65,82
107,98,74,81
247,112,50,79
344,144,58,60
175,191,81,58
132,177,94,69
169,167,61,75
301,218,81,54
125,8,69,77
260,290,75,68
302,343,68,84
284,329,80,90
237,50,64,80
211,215,64,77
124,139,87,65
160,29,53,85
78,7,78,89
157,269,75,65
109,285,78,77
84,224,64,63
4,78,82,84
26,22,90,78
187,182,70,66
84,170,97,86
42,315,100,76
87,252,91,72
315,36,80,83
33,75,83,88
263,258,72,73
201,341,72,73
231,228,73,86
205,335,76,96
158,107,77,78
79,17,77,75
55,65,84,85
170,297,71,83
209,198,69,59
300,167,80,69
186,64,77,84
129,209,61,77
165,220,76,66
337,320,73,68
84,213,89,84
171,121,74,88
142,92,62,83
323,237,75,62
1,268,83,59
108,344,74,73
270,314,75,69
20,75,66,73
22,5,68,78
32,130,107,69
311,200,72,71
117,297,78,80
271,201,78,65
203,86,87,65
140,303,65,75
256,328,74,58
339,330,69,84
147,120,76,83
168,171,81,74
168,246,77,68
132,76,78,72
218,116,57,84
147,230,69,67
62,1,84,77
138,58,72,69
256,274,67,68
342,42,64,85
90,89,70,74
9,318,81,54
44,84,83,78
273,335,68,79
199,222,86,69
206,162,69,64
300,34,83,80
336,253,53,66
164,101,74,72
96,246,87,68
190,213,71,74
161,43,77,87
266,123,74,68
283,174,72,87
326,273,54,70
19,29,92,72
70,195,91,64
210,272,62,76
153,9,79,74
47,269,70,57
185,192,76,70
63,27,79,70
25,133,74,72
40,282,93,64
279,330,64,69
206,20,68,95
47,138,81,66
48,302,106,66
21,99,76,80
81,201,73,70
332,53,60,91
111,64,77,101
260,208,82,67
139,155,64,79
220,210,68,76
149,289,75,77
296,163,58,63
215,186,57,80
207,189,77,61
328,283,71,75
118,23,78,67
68,142,89,70
333,147,73,70
54,129,88,91
63,167,90,73
265,227,63,59
74,62,90,91
339,301,73,74
129,178,89,86
30,269,80,73
147,162,77,83
242,272,79,74
155,231,84,91
244,138,75,76
68,60,73,75
282,324,77,73
189,102,69,87
158,10,94,86
54,80,80,82
342,314,52,64
93,271,96,69
167,284,70,79
246,125,65,63
217,210,62,67
289,93,70,82
125,282,70,80
123,175,75,89
8,53,69,87
210,104,57,84
37,166,77,71
109,34,78,81
300,203,61,60
107,195,71,63
128,275,75,54
123,229,72,78
3,251,88,64
210,51,75,88
294,318,62,52
231,156,80,68
321,200,79,89
119,91,72,79
67,17,74,73
104,262,87,69
221,98,72,75
193,254,79,73
215,244,82,73
212,173,70,80
266,272,99,63
299,231,84,100
272,110,76,75
312,227,67,79
109,10,79,84
274,151,70,67
64,118,80,70
57,56,93,76
69,52,69,82
64,6,70,82
37,168,91,77
47,91,67,68
22,322,80,69
112,45,62,86
36,88,74,80
164,198,80,70
16,13,84,75
15,26,81,69
299,294,77,86
50,72,86,84
322,309,78,74
180,266,86,93
330,207,71,85
75,296,72,67
267,39,74,94
147,293,79,66
20,166,90,70
1,126,70,85
45,124,85,78
193,176,62,82
261,238,72,71
158,296,75,73
20,28,74,85
308,285,65,73
8,326,93,55
269,112,81,85
129,63,95,69
2,72,91,84
280,255,73,72
99,247,83,82
204,164,68,70
204,151,69,61
330,157,68,71
124,66,65,94
270,106,64,89
42,5,84,65
323,244,80,69
148,21,73,94
345,314,66,67
342,301,63,90
148,311,52,66
11,56,70,90
256,306,78,73
68,15,75,74
149,191,71,87
181,158,77,83
62,57,85,72
46,118,80,82
63,78,86,81
46,102,86,74
329,171,77,76
17,43,87,78
258,275,71,74
256,283,70,52
4,35,86,81
15,48,81,82
65,269,91,63
193,331,74,76
305,277,88,57
317,200,62,86
68,39,77,83
63,328,83,63
276,154,64,75
13,59,93,88
80,311,74,66
122,87,76,83
130,151,86,76
21,323,94,74
121,112,58,84
23,25,82,85
9,99,76,79
199,105,83,61
197,130,92,86
108,167,75,70
174,268,67,73
223,268,59,62
287,73,50,62
135,11,89,81
283,320,76,71
175,320,81,58
270,69,71,88
314,27,76,79
9,25,49,81
297,148,73,74
8,232,86,71
84,284,77,65
192,337,76,77
309,233,83,71
74,63,75,77
169,114,82,74
158,259,83,71
89,55,79,97
114,137,74,72
288,141,54,79
285,269,67,61
213,15,69,78
110,219,79,83
166,309,79,67
266,31,92,61
1,209,81,71
72,290,83,61
281,75,62,85
278,222,69,61
281,255,68,85
110,140,78,70
74,271,86,72
61,18,86,73
76,126,82,61
139,20,78,68
84,171,87,73
263,203,77,69
28,109,79,77
342,287,75,55
13,10,85,79
331,179,67,64
164,272,75,53
267,304,60,61
25,113,79,69
253,238,68,74
229,206,74,67
66,52,98,84
251,242,88,62
82,17,79,71
203,274,72,87
101,144,77,74
160,151,74,87
205,233,83,62
104,84,80,71
83,110,78,85
262,162,81,77
293,192,67,83
38,280,78,73
25,87,88,74
72,151,67,66
48,73,92,76
104,52,73,88
72,256,86,63
95,266,80,84
251,302,67,70
265,214,77,78
251,311,59,75
118,277,83,69
263,278,78,71
173,243,72,79
252,302,57,65
206,60,63,86
206,255,76,84
75,7,76,83
276,267,74,63
322,140,81,77
337,251,60,70
53,208,78,58
267,89,76,81
167,339,67,68
20,303,80,71
220,278,77,80
8,65,76,82
169,310,71,66
277,244,60,72
66,129,77,92
262,93,75,70
259,339,73,64
335,227,77,70
278,206,61,77
336,329,54,74
39,32,83,78
272,233,77,75
223,330,74,60
66,121,93,100
19,273,79,78
204,321,72,68
137,340,87,65
199,238,74,60
15,86,80,76
175,137,69,99
201,234,70,76
313,178,69,73
272,137,73,66
113,99,58,73
293,174,58,82
167,281,64,95
247,237,56,83
87,182,84,80
175,257,83,70
258,295,66,75
330,198,91,65
286,288,63,73
147,114,78,73
319,303,80,70
38,58,88,69
84,227,70,69
19,48,82,93
166,38,65,85
54,47,69,92
214,306,73,77
162,281,69,90
329,145,83,74
18,91,72,74
62,269,80,67
67,3,74,89
263,323,71,65
70,286,90,51
219,242,81,63
212,231,65,74
85,235,67,78
342,288,68,56
186,162,84,54
147,111,67,80
60,220,84,78
3,22,88,82
327,333,72,70
121,323,89,62
166,35,70,87
246,158,61,71
93,146,71,84
268,197,45,63
251,189,56,79
225,149,67,64
3,72,96,85
188,23,64,78
88,54,84,75
32,37,98,73
320,125,83,80
46,61,88,90
283,111,49,66
206,103,73,71
92,246,71,68
185,193,67,75
292,166,72,73
342,195,77,60
52,72,91,77
61,90,98,78
101,269,71,50
335,167,91,72
166,58,60,71
314,262,86,62
218,337,70,66
155,177,89,92
166,125,73,59
276,241,77,69
62,247,69,74
252,326,63,65
10,34,84,73
255,59,79,84
298,226,57,68
82,63,73,71
269,57,68,99
167,333,60,66
124,8,80,62
50,48,76,94
27,52,74,84
283,298,53,64
291,187,69,59
190,182,76,79
201,20,68,87
154,274,62,55
293,264,78,80
83,293,90,54
11,330,67,63
300,340,79,71
244,328,71,66
313,2,49,70
42,77,70,76
58,21,66,71
59,32,87,76
235,124,82,79
344,157,63,71
92,190,75,62
175,271,72,50
101,110,82,80
220,84,67,72
233,341,72,53
53,78,91,86
202,71,91,68
295,68,76,84
65,184,76,73
194,33,77,64
0,110,84,66
176,295,62,66
49,67,83,79
217,282,68,79
157,66,66,89
38,80,102,80
27,107,67,66
285,85,77,81
226,43,55,92
11,34,81,86
332,54,60,88
81,324,66,63
146,108,78,82
207,289,90,72
188,251,79,73
226,320,80,72
217,126,70,93
70,129,82,81
22,266,88,90
62,6,86,70
211,97,64,82
46,62,82,79
229,256,86,73
175,238,79,74
209,87,86,85
147,227,80,69
102,89,83,79
93,240,63,81
305,80,74,87
170,158,67,73
225,223,77,60
76,74,85,87
70,244,86,71
136,137,94,92
320,319,75,71
228,316,79,77
10,135,68,78
282,265,61,68
323,293,80,64
33,49,85,81
256,243,66,89
254,202,73,68
252,332,76,69
224,212,64,79
149,277,73,65
248,86,63,69
127,50,85,80
342,274,53,59
312,85,82,78
135,124,95,59
71,135,84,86
276,54,73,83
81,338,84,67
321,96,75,88
314,315,46,79
299,176,73,72
275,287,92,64
260,315,85,61
204,155,65,79
61,129,93,73
119,199,78,76
5,26,73,78
23,87,76,81
92,195,72,61
206,102,84,72
255,303,75,83
343,296,75,82
200,218,83,63
325,101,69,70
60,22,83,69
181,148,87,62
90,220,85,71
285,259,63,84
235,266,77,91
309,328,71,82
196,313,68,84
13,72,86,89
5,111,77,71
182,193,72,67
277,81,56,69
113,140,65,71
314,268,75,74
245,301,75,74
11,33,79,77
57,36,76,97
307,83,89,76
208,157,59,69
0,33,92,76
284,230,68,90
11,185,83,71
154,208,72,69
162,98,67,74
290,131,54,74
33,65,71,73
293,323,74,77
1,237,81,65
139,197,55,84
53,168,77,58
320,185,60,73
275,127,69,72
316,179,80,63
159,46,74,99
160,25,74,92
306,29,81,67
184,112,82,73
58,32,64,97
116,276,74,60
202,94,77,99
331,241,63,68
306,329,76,71
335,154,76,63
297,69,71,84
192,140,80,60
285,220,69,79
223,86,72,53
161,252,67,68
275,293,55,71
163,98,76,66
14,32,91,84
207,66,82,85
27,192,67,86
117,4,73,75
82,60,81,87
231,323,73,65
205,171,70,68
143,51,90,92
257,128,51,73
198,3,70,63
7,186,91,78
253,65,67,88
295,328,61,86
6,140,59,80
209,84,68,69
75,85,87,73
117,246,74,73
301,272,86,72
325,187,78,70
65,74,81,79
166,186,76,58
137,286,81,77
146,174,68,61
39,50,87,98
229,242,65,62
251,318,69,47
230,319,73,75
250,152,77,64
194,37,83,78
31,35,72,75
126,131,72,79
16,42,77,89
74,42,82,85
156,96,54,75
202,144,74,88
217,159,69,87
343,133,66,82
272,231,78,68
243,111,61,73
54,240,71,62
342,204,74,78
257,212,70,63
318,247,79,72
79,307,104,82
161,125,78,71
230,129,74,84
45,307,67,66
129,33,93,67
332,311,68,75
290,77,89,76
337,108,57,85
290,180,59,72
25,286,90,61
62,29,87,78
1,220,69,77
194,334,88,66
305,285,82,65
197,164,82,75
190,109,66,96
120,149,97,60
328,301,69,76
247,127,73,88
301,117,80,81
234,206,68,76
142,302,64,78
169,225,82,72
342,264,70,74
331,204,68,74
46,116,90,72
228,110,61,86
302,296,58,74
7,303,84,68
280,273,75,80
290,255,74,85
7,202,73,81
325,247,62,70
328,269,73,69
302,249,65,77
232,11,68,73
11,68,65,83
183,275,60,73
95,108,88,73
2,293,81,65
37,185,79,80
60,136,81,80
70,109,71,69
49,135,72,81
311,206,77,72
90,201,83,64
300,79,76,66
135,188,83,84
283,249,52,86
23,209,91,83
72,54,87,79
294,151,75,73
175,83,64,78
69,317,71,73
83,313,70,83
143,104,65,83
264,292,73,79
46,61,105,93
277,191,69,76
179,329,60,52
46,54,100,77
237,55,78,84
161,95,80,76
27,70,73,84
36,304,89,68
247,97,79,73
159,97,78,74
330,281,63,74
284,233,70,76
142,59,62,83
319,263,89,60
103,276,90,80
36,43,94,86
287,206,68,82
239,109,76,77
184,153,82,58
172,77,75,79
139,223,79,67
99,68,105,76
153,258,77,72
90,100,59,91
322,152,70,74
24,9,70,77
141,202,64,86
180,344,70,69
304,214,75,65
21,80,78,64
307,175,75,71
51,65,83,81
9,76,73,71
86,208,67,59
119,322,81,69
42,0,89,78
93,214,79,53
182,30,82,83
40,48,79,98
93,178,86,73
301,250,82,72
252,232,63,58
237,83,81,71
302,330,75,73
33,112,73,87
110,6,82,99
60,97,83,81
109,158,61,63
145,206,65,63
113,173,83,77
89,184,68,91
191,174,79,82
36,53,97,85
295,17,65,83
280,271,62,75
134,265,94,56
256,268,82,81
111,292,73,65
191,10,83,78
193,80,74,77
82,5,84,74
194,115,77,67
54,72,80,89
95,294,79,62
113,282,76,73
16,74,88,83
284,261,76,74
59,114,63,77
315,144,84,68
233,327,46,62
230,265,79,70
303,216,75,84
118,124,67,82
91,72,64,90
95,151,96,67
305,325,69,75
176,115,71,61
92,215,79,81
34,164,84,62
250,187,63,68
57,32,77,88
281,216,66,73
240,109,70,84
25,174,92,70
309,34,65,80
79,171,75,74
260,331,77,72
70,262,83,73
90,205,74,78
117,43,81,85
142,207,67,70
268,33,50,86
184,218,82,67
64,6,89,91
25,122,80,72
67,125,60,75
65,52,83,95
21,67,71,76
24,61,82,96
29,186,79,94
233,275,70,72
275,334,76,64
82,45,64,93
37,107,84,70
81,186,78,90
134,338,73,49
34,201,89,74
103,215,66,80
187,320,61,83
201,327,69,68
119,78,76,89
201,111,65,75
130,11,69,81
100,310,77,59
290,84,64,86
85,73,76,69
222,60,80,94
130,126,69,61
175,285,67,65
77,153,84,64
20,186,89,76
316,263,77,68
122,43,72,75
194,146,59,65
68,145,99,69
95,342,89,70
115,150,72,71
123,235,80,59
270,41,60,83
189,200,80,70
137,307,70,80
137,326,79,65
122,184,62,83
201,321,59,70
32,72,93,89
146,264,70,72
170,317,76,68
44,95,80,67
165,191,70,71
228,187,90,73
141,187,74,61
60,113,93,84
26,136,78,68
126,80,90,71
154,159,72,95
231,184,70,74
53,9,99,75
62,169,90,55
72,40,79,83
47,286,81,69
185,337,73,85
221,259,72,67
333,255,81,79
329,332,82,60
270,232,80,62
113,237,65,73
204,209,73,83
57,9,83,72
322,78,80,66
32,113,86,82
23,39,67,81
65,24,77,88
99,7,73,79
293,63,63,78
203,109,68,77
17,68,72,83
78,122,88,89
307,294,71,51
126,106,85,73
337,120,69,91
226,278,75,80
311,191,62,82
113,116,80,79
44,9,76,74
25,62,87,83
310,137,73,66
102,103,80,76
202,191,85,62
283,330,57,62
93,253,67,55
222,134,58,71
206,232,70,75
74,39,108,77
72,261,92,71
311,147,56,91
289,141,87,90
207,153,85,63
172,89,82,73
325,245,77,73
331,100,67,89
251,196,83,71
117,157,82,55
165,83,78,84
205,261,76,61
117,217,71,72
32,71,91,73
163,113,79,58
337,151,58,76
36,126,93,73
219,111,66,71
164,333,70,75
244,70,76,84
81,36,58,81
49,14,79,89
103,295,85,67
236,314,66,73
267,98,72,87
247,153,80,82
345,235,78,71
271,276,67,65
323,158,76,87
322,168,73,75
262,297,71,70
63,20,83,81
12,249,79,68
144,308,74,66
3,0,97,102
237,224,57,67
254,267,64,70
158,45,70,89
177,10,77,85
11,105,76,77
101,275,68,78
218,238,65,71
325,217,82,81
114,80,68,67
4,62,94,86
236,214,62,73
40,315,75,86
286,171,60,69
144,292,72,92
134,150,71,66
131,157,65,62
308,192,82,60
132,128,81,83
138,135,84,86
336,87,61,85
168,131,66,65
111,343,75,57
267,206,71,78
4,293,87,62
88,136,85,68
154,266,66,86
211,316,71,68
64,1,88,79
221,195,75,63
312,103,71,74
54,32,85,105
170,183,60,69
97,101,70,61
1,125,81,74
293,35,60,91
152,249,67,78
37,164,80,71
104,50,83,96
343,17,70,75
234,214,58,77
9,135,72,76
345,202,67,70
14,132,102,71
160,72,59,86
298,78,71,77
331,249,63,77
238,114,64,89
29,165,83,61
24,122,74,73
200,156,75,54
81,143,64,77
119,27,74,80
55,129,85,80
101,204,61,75
62,220,83,71
5,135,78,91
312,335,62,89
29,209,76,75
88,298,81,60
249,86,78,81
67,161,76,78
297,8,85,82
83,67,71,93
29,266,66,88
338,236,63,48
243,254,73,77
54,308,86,70
135,100,80,71
225,301,66,77
258,32,68,99
20,300,81,63
201,144,62,56
75,249,79,78
293,39,63,79
43,12,90,81
262,248,84,72
314,142,69,76
248,77,78,60
306,119,67,64
91,111,68,69
72,199,88,69
285,145,87,79
76,48,85,97
133,202,61,90
99,0,72,73
103,151,70,86
9,186,63,80
169,161,77,76
191,194,77,60
36,161,93,85
254,300,79,66
324,81,78,66
162,183,78,87
242,222,76,71
78,20,88,74
42,79,88,90
77,36,92,96
210,116,61,70
340,205,71,80
342,78,63,81
318,341,70,60
220,116,73,63
13,283,88,63
54,165,81,74
139,173,68,80
328,330,83,88
88,191,84,65
57,276,92,76
213,266,74,82
298,275,64,84
199,223,79,49
344,258,74,84
254,255,57,78
266,271,78,64
204,60,57,77
111,145,72,80
223,91,69,77
156,23,64,91
272,108,67,84
261,291,74,62
57,121,71,81
208,263,73,69
269,158,62,77
281,168,81,67
10,87,76,78
178,82,70,78
202,28,88,82
167,138,77,82
120,0,94,81
82,316,87,83
313,300,62,78
83,224,92,65
90,106,82,69
197,104,77,90
42,88,88,91
277,206,71,84
126,78,80,81
38,177,79,73
115,78,77,89
260,114,69,77
307,32,65,90
10,177,70,78
333,340,67,65
297,103,83,64
126,319,86,75
209,310,70,72
303,284,73,74
153,169,78,83
77,193,64,89
204,171,64,69
48,130,89,91
175,204,65,60
4,153,96,64
311,183,66,67
316,255,79,76
224,239,62,65
283,234,58,80
130,211,70,63
207,339,85,76
258,57,59,91
234,284,64,83
297,106,81,75
299,214,68,72
309,261,78,67
87,9,83,78
234,249,65,87
31,159,84,89
129,26,81,83
276,143,82,67
168,190,63,62
